﻿3,Bhaskar maheshwari,9801834992,bhaskar.mah@gmail.com,Bangalore,4,2015-10-28 00:00:00.000,2016-11-28 00:00:00.000,12000,1,Technicolor,Working
13,Mitali gupta,8796751238,mitali.gupta80@gmail.com,Pune,12,2015-02-25 00:00:00.000,NULL,12000,2,SAP Labs India,Working
2,Ashish Singh,9876890463,ashish.singh@gmail.com,Bangalore,2,2015-06-05 00:00:00.000,NULL,11000,2,hindustan unilever,Working
12,Umang parejiya,7896543674,uparejiya@gmail.com,Pune,15,2015-02-24 00:00:00.000,NULL,11000,1,Centurylink India,Working
6,Harish sahai,9876548763,harish294all@gmail.com,Bangalore,8,2015-12-25 00:00:00.000,NULL,10200,1,Aditya birla,Working
5,Tanvi mann,9178352769,tanvi.mann1907@gmail.com,Bangalore,3,2015-05-15 00:00:00.000,2015-12-27 00:00:00.000,9000,3,GE Healthcare,Working
9,Shivshankar das,9801834992,sankar.shiva730@gmail.com,Pune,9,2015-10-15 00:00:00.000,NULL,7500,1,NULL,Student
10,Aditi jain,9873123456,aditi.jain@sproxil.com,Pune,10,2015-06-20 00:00:00.000,NULL,7500,1,huawei Technologies,Working
